,label
01041fbb-2d52-1db1-4be8-1e4b945e6c85,0
02187a77-78e0-7142-9825-e8e3f8c6fdf0,3
031e89e0-4ef2-4c75-97e7-b8b7227c74d7,1
039ea2d4-105c-42c9-92e1-1d9d4f6dc183,3
045cef0c-d4e2-4169-a281-abf0ec1fce60,0
051ea5ef-4622-4428-9d32-51937decff7a,1
0538932d-45c6-4aff-b04d-80fed3de1f23,1
077390c0-aff1-4eae-a507-7c33bd3755d4,1
07c66faf-e62c-4198-9921-2652a9f406e2,0
090c7a88-7139-45e6-91a7-494016443890,1
098dba5f-db36-47fa-8ce9-e070b4108832,1
0ad2a8f7-3982-8982-4642-a60fb1c32c0b,3
0ae880a1-91b3-4d89-8095-e5e5c18900bf,3
0bdaefbc-806f-4e7e-86b8-3335323b76fe,1
0d174a7d-c725-421e-a5df-8daab7d597dc,0
0d293770-f6eb-4c76-8a12-be13ecf6b30e,0
0e55fee5-ba62-4739-b31d-0e4f2c0b8a7b,1
0e6c4221-462c-45f9-b3ed-6db04d9cabe5,3
0e845900-6e1c-436b-9a5a-451ef10fd965,1
0f145696-e96a-8060-6566-87ce9899a9e1,0
0f8d4f2a-49a8-4c6f-84e9-f28a234ba161,0
12ccd68d-dab7-4317-b558-b7915278ae89,0
12e86a4c-c759-44b9-9921-3c56dbabfae7,3
1472dd03-34d7-4679-bb91-e274563e9ea3,0
14e24609-c31c-b03b-b40a-f49d5834177d,0
155f8cc5-86a4-16f8-73c8-a288e3ee818a,0
169cd490-9730-ab7d-868e-644ae3810f06,3
17337c0e-42a0-4e6e-8dea-b5ea7afa5ce6,1
179bcbe0-9cef-4ded-9377-0897e2516ba4,3
17de9aa3-e784-4db6-80e1-0d022bd1fcd9,3
18b0de41-0085-692e-0b31-8b8d2b202ac5,2
18c230d3-8fde-4ace-befa-6e0b4c323c98,1
18c5c1d6-926e-427d-b9e8-866358b84abd,0
1916f538-4f8e-47cc-8be1-14d8217a8087,3
1a146cf0-86cc-2362-9f4f-7fabf7031216,0
1adca39b-f04b-4d7f-ad07-f56ef2a7d046,0
1b558a4d-2a1c-7693-2834-729d760cdc33,0
1e511786-ff53-47ff-a53c-44483a0bc433,0
1f40e8ac-d743-4850-9103-f3136b231014,1
205bb7ae-59f4-4e49-a82b-bd26c193c970,3
20deff88-f05a-4a49-9275-b5b0909eef7a,3
2140b5e2-bced-49f8-b5f1-3e7d61512029,0
220cbb34-da15-4725-8c59-129a7d08e37e,0
222e9f59-d24e-431c-90b5-f0564359a8cb,0
22514f47-9d0d-4c18-9e8f-78e4444d5cb0,3
233eb339-1377-4c18-ae2a-4e30c2bfd0e9,0
265baf0d-6050-404d-a74f-c03b8e6a6157,0
26c13f90-50a9-39b9-37fa-136927da7bde,3
27522e66-b227-4933-8e23-45a2180dea18,1
27643918-d02f-420d-bc71-9b4d0449e251,1
27da00b7-7bb8-4eb6-a13c-158f665af5e5,1
2850df52-581f-4c62-a7de-6ef23e228f5b,0
285a91ef-1d33-49c2-bde0-5feb7570d7ee,0
288ee8d2-5a6e-4087-a609-f318ccda202f,0
29c312b1-6ece-4310-88a7-047aee3f7971,1
2adc5a0e-db28-4df7-a5c7-34949359429a,1
2cb43a1e-6a3b-4bbd-a59e-d66d3603f71f,0
2cc89347-5876-4836-8058-889d335cfa39,0
2d1bf08e-044e-43c6-b950-5c12498fa33a,0
2f0d2eda-8c23-4deb-b5f9-c87d6b1e7a4b,0
31b413e6-5515-1b48-4c22-193d74066988,3
31bae207-93c0-4d88-917c-dfb9ffaaa328,3
31e421dc-75a8-4e3c-8e86-5c0037aea83b,1
32050f0b-296a-49cc-aff9-610d33f9b7eb,3
32298011-10d7-0145-e255-029ee0c3af39,1
3231f533-481f-4c1a-ab88-ff580192018a,1
32eeedb2-ee17-4ee3-a21f-8a70dd9017c0,1
3417eb36-1499-45b2-ba18-917ecd43c4d4,1
34333884-4c05-4cc6-9467-7298f1fdbe08,0
34938dad-27d5-4c61-bf20-cd166750add0,3
369bdbeb-1496-4cee-9452-587c7f8b0e34,1
36c4a492-5ca0-4a4e-9038-72635d7566a4,0
37e3ee7f-813e-467e-a7ce-63092314750e,1
386dc9cd-f640-42e0-be64-a9f07197eb37,0
39a3a2f8-523f-40fa-92ef-097ae99ed2c4,0
3bb2b326-c3c2-0d2a-ec55-9902fd9d4266,0
3c022c61-7ee9-4622-9c82-ad32b4477150,0
3c929399-010c-4fdf-a723-f2d2f0a85e9f,1
3da5fcff-b055-461b-8317-117f6733b220,1
3dcf2cdf-93b3-46e2-91ee-a05945aff418,0
3dd321f5-a50e-492a-b317-291a2e19c064,1
3f1f160d-abcf-57eb-adb6-65f3f3e7601e,2
408d64b8-1d67-4899-a649-5c7832acfe46,0
40baa879-4ea7-03e1-2f41-f333fc7bb44e,1
4101fcc1-a186-4cb7-b7f2-2b8a892b6149,0
425ab860-b5a3-957f-0dab-1ceca8ea3da5,2
42d5777f-f19b-4289-a547-8f45057dfb54,1
42fdc8e8-32a1-a583-01ab-ff9324c74476,0
433041d8-11ab-e30c-1dd5-c5dce57a528b,3
43d79159-f6dd-a38b-fd0f-08c55a07b7f6,0
44a6bb1b-8f07-4aa7-8153-491ae5b5fce1,1
45bd299a-9109-4833-956d-9fc8ae089843,3
45beb118-295c-a578-3132-f34cbc1e9679,0
4781638a-5621-40d3-920e-7ffdd5242278,1
4a811ab1-34de-434e-adf0-4c501077aa3b,0
4afe826b-1a75-4743-b4db-87c346f261db,1
4b187827-a864-4fde-b794-58cd18600725,1
4b341ceb-30fb-4226-977d-1edebd21b368,0
4bff55ab-6d70-7676-2f8f-e120c5a7d167,0
4d940f49-1c5a-4b27-bf28-d57e5f8c4d6f,1
51ffb619-26a5-413d-b176-df7aee829094,0
52025a05-f049-42d2-a101-78d084285d7e,1
520b224e-230e-4704-85da-846ff47ac666,1
524ced8f-27f8-48b6-9f89-34c6f9e9add8,0
54402ce5-98f6-40d6-b18d-000eb77e9a10,1
54e25f22-22c7-4509-a075-78ac8f246604,0
556bc225-3449-40a1-bc6d-75f155e4e706,1
564252bd-919a-41ff-919f-2237977c3828,3
57aef1ec-19b1-4825-ad3e-9f986b6859a0,0
5a8a9be8-d0ab-47a7-81c3-6fb36e2b66dc,0
5a971c28-b657-0b55-dbe4-2fa34083ece5,1
5aa76c03-5733-4355-aba7-d05f421d0f6f,1
5ae191c6-7a44-4659-81de-306e6d8528a1,3
5b4a4fee-78a6-49dd-acb7-1db309d1b8bf,0
5df992a2-6602-4dbd-a166-03fe81ebfecf,1
5f7c7f13-2c7a-4cc2-a2aa-6656fa9764f9,0
5fb1d015-ff58-41f8-994c-d8d9b0bec58e,1
611edf5f-53b3-46cb-8a3d-98bd3bfebf00,0
619b85e2-8836-4a87-a46a-a5e752f14005,0
61a170c7-fbb8-4f24-9cf9-37657c8aad91,0
61c630bd-dadf-8ae8-6fcf-2de1510b0b74,0
629c30ef-696f-4868-ac03-6f8732961bbd,2
62d2c22d-9743-4491-a88f-5290b78ab8c5,3
649b9d10-6590-66f2-7b41-c44c653386d2,0
65a9f1ec-e20e-4d4f-aa97-8e734bf3a7ab,1
